{"metadata":{"asset_id":"56c924bf-8ef2-4afe-8dba-bc4bdf2bd51c","asset_type":"connection","asset_category":"USER","create_time":"2022-05-10T09:41:53.000Z","creator_id":"IBMid-662003I49Q","project_id":"e1911c67-1c0a-4b4f-99db-a6515c2423d9","usage":{"last_access_time":"2022-05-17T08:23:38.405Z","last_accessor_id":"IBMid-662003I49Q","access_count":0}},"entity":{"datasource_type":"e375c0ae-cba9-47fc-baf7-523bef88c09e","name":"SQL_dat","origin_country":"us","owner_id":"IBMid-662003I49Q","rov":{"mode":0},"properties":{"database":"tdwi-SQLDatabase","password":"qayWSXedc123$%","port":"1433","host":"tdwi-sqlserver.database.windows.net","ssl":"true","username":"Infologistix@tdwi-sqlserver"},"interaction_properties":{"source":[{"name":"_java._heap_size","type":"integer","label":"Heap size","description":"Specify the maximum Java Virtual Machine heap size in megabytes.","required":false,"masked":false,"hidden":false,"readonly":false,"uiOnly":false,"multiline":false,"multichoice":false,"default_value":"256","displayGroup":"other","displayOrdinal":2147483647,"supported_products":["datastage_scapi"],"user_defined":false},{"name":"add_proccode_column","type":"boolean","label":"Add procedure return value to schema","description":"Adds the ProcCode column which consists of the procedure return code to the schema.","required":false,"masked":false,"hidden":false,"readonly":false,"uiOnly":false,"multiline":false,"multichoice":false,"default_value":"false","displayGroup":"generalSource","displayOrdinal":75,"supported_products":["datastage_scapi"],"user_defined":false},{"name":"before_after.after","type":"string","label":"After SQL","description":"Enter the SQL statement or the fully-qualified name of the file that contains the SQL statement to run once after all data is processed.","required":false,"masked":false,"hidden":false,"readonly":false,"uiOnly":false,"multiline":true,"multichoice":false,"default_value":"","displayGroup":"before_after","displayOrdinal":300,"supported_products":["datastage_scapi"],"user_defined":false},{"name":"before_after.after.fail_on_error","type":"boolean","label":"Fail on error After SQL","description":"Abort the job if there is an error executing a command","required":false,"masked":false,"hidden":false,"readonly":false,"uiOnly":false,"multiline":false,"multichoice":false,"default_value":"true","displayGroup":"before_after","displayOrdinal":400,"supported_products":["datastage_scapi"],"user_defined":false},{"name":"before_after.after_node","type":"string","label":"After SQL (node)","description":"Enter the SQL statement or the fully-qualified name of the file that contains the SQL statement to run once one each node after all data is processed on that node.","required":false,"masked":false,"hidden":false,"readonly":false,"uiOnly":false,"multiline":true,"multichoice":false,"default_value":"","displayGroup":"before_after","displayOrdinal":700,"supported_products":["datastage_scapi"],"user_defined":false},{"name":"before_after.after_node.fail_on_error","type":"boolean","label":"Fail on error After SQL (node)","description":"Abort the job if there is an error executing a command","required":false,"masked":false,"hidden":false,"readonly":false,"uiOnly":false,"multiline":false,"multichoice":false,"default_value":"true","displayGroup":"before_after","displayOrdinal":800,"supported_products":["datastage_scapi"],"user_defined":false},{"name":"before_after.before","type":"string","label":"Before SQL","description":"Enter the SQL statement or the fully-qualified name of the file that contains the SQL statement to run once before any data is processed.","required":false,"masked":false,"hidden":false,"readonly":false,"uiOnly":false,"multiline":true,"multichoice":false,"default_value":"","displayGroup":"before_after","displayOrdinal":100,"supported_products":["datastage_scapi"],"user_defined":false},{"name":"before_after.before.fail_on_error","type":"boolean","label":"Fail on error Before SQL","description":"Abort the job if there is an error executing a command","required":false,"masked":false,"hidden":false,"readonly":false,"uiOnly":false,"multiline":false,"multichoice":false,"default_value":"true","displayGroup":"before_after","displayOrdinal":200,"supported_products":["datastage_scapi"],"user_defined":false},{"name":"before_after.before_node","type":"string","label":"Before SQL (node)","description":"Enter the SQL statement or the fully-qualified name of the file that contains the SQL statement to run once on each node before any data is processed on that node.","required":false,"masked":false,"hidden":false,"readonly":false,"uiOnly":false,"multiline":true,"multichoice":false,"default_value":"","displayGroup":"before_after","displayOrdinal":500,"supported_products":["datastage_scapi"],"user_defined":false},{"name":"before_after.before_node.fail_on_error","type":"boolean","label":"Fail on error Before SQL (node)","description":"Abort the job if there is an error executing a command","required":false,"masked":false,"hidden":false,"readonly":false,"uiOnly":false,"multiline":false,"multichoice":false,"default_value":"true","displayGroup":"before_after","displayOrdinal":600,"supported_products":["datastage_scapi"],"user_defined":false},{"name":"byte_limit","type":"string","label":"Byte limit","description":"The maximum number of bytes to return. Use any of these suffixes; KB, MB, GB, or TB","placeholder":"100MB","required":false,"masked":false,"hidden":false,"readonly":false,"uiOnly":false,"multiline":false,"multichoice":false,"displayGroup":"limitsSource","displayOrdinal":20,"user_defined":false},{"name":"call_statement","type":"string","label":"Call procedure statement","description":"The SQL statement to execute the stored procedure","required":false,"masked":false,"hidden":false,"readonly":false,"uiOnly":false,"multiline":true,"multichoice":false,"displayGroup":"sqlSource","displayOrdinal":50,"user_defined":false},{"name":"key_column_names","type":"string","label":"Key column names","description":"A comma separated list of column names to override the primary key used for partitioning","required":false,"masked":false,"hidden":true,"readonly":false,"uiOnly":false,"multiline":false,"multichoice":false,"displayGroup":"generalSource","displayOrdinal":70,"user_defined":false},{"name":"procedure_name","type":"string","label":"Procedure name","description":"The name of the stored procedure to be executed","required":false,"masked":false,"hidden":false,"readonly":false,"uiOnly":false,"multiline":false,"multichoice":false,"displayGroup":"generalSource","displayOrdinal":50,"supported_products":["datastage_scapi"],"user_defined":false},{"name":"push_filters","type":"string","label":"Push filters","description":"Filters as Spark SQL to be pushed to the data source","required":false,"masked":false,"hidden":true,"readonly":false,"uiOnly":false,"multiline":false,"multichoice":false,"displayGroup":"other","displayOrdinal":2147483647,"user_defined":false},{"name":"pushed_filters","type":"string","label":"Pushed filters","description":"Inferred property that returns filters as Spark SQL that were pushed to the data source","required":false,"masked":false,"hidden":true,"readonly":false,"uiOnly":false,"multiline":false,"multichoice":false,"displayGroup":"other","displayOrdinal":2147483647,"user_defined":false},{"name":"rcp","type":"boolean","label":"Infer schema","description":"Obtain the schema from the data source","required":false,"masked":false,"hidden":true,"readonly":false,"uiOnly":false,"multiline":false,"multichoice":false,"default_value":"true","displayGroup":"other","displayOrdinal":2147483647,"user_defined":false},{"name":"read_mode","type":"enum","label":"Read method","description":"The method for reading records from the table","required":false,"masked":false,"hidden":false,"readonly":false,"uiOnly":false,"multiline":false,"multichoice":false,"default_value":"general","values":[{"value":"call","label":"Call procedure","supported_products":["datastage_scapi"]},{"value":"call_statement","label":"Call procedure statement","supported_products":["datastage_scapi"]},{"value":"general","label":"General"},{"value":"select","label":"Select statement"}],"displayGroup":"generalSource","displayOrdinal":5,"user_defined":false},{"name":"rejected_filters","type":"string","label":"Rejected filters","description":"Inferred property that returns filters as Spark SQL that could not be pushed to the data source and still need to be evaluated","required":false,"masked":false,"hidden":true,"readonly":false,"uiOnly":false,"multiline":false,"multichoice":false,"displayGroup":"other","displayOrdinal":2147483647,"user_defined":false},{"name":"row_limit","type":"integer","label":"Row limit","description":"The maximum number of rows to return","placeholder":"1000","required":false,"masked":false,"hidden":false,"readonly":false,"uiOnly":false,"multiline":false,"multichoice":false,"displayGroup":"limitsSource","displayOrdinal":10,"user_defined":false},{"name":"sampling_percentage","type":"string","label":"Sampling percentage","description":"Percentage for each row or block to be included in the sample","required":false,"masked":false,"hidden":false,"readonly":false,"uiOnly":false,"multiline":false,"multichoice":false,"displayGroup":"sampling","displayOrdinal":20,"user_defined":false},{"name":"sampling_seed","type":"integer","label":"Sampling seed","description":"Seed to be used for getting a repeatable sample","required":false,"masked":false,"hidden":false,"readonly":false,"uiOnly":false,"multiline":false,"multichoice":false,"displayGroup":"sampling","displayOrdinal":30,"user_defined":false},{"name":"sampling_type","type":"enum","label":"Sampling type","description":"Indicates which data sampling type should be used in the select statement","required":false,"masked":false,"hidden":false,"readonly":false,"uiOnly":false,"multiline":false,"multichoice":false,"default_value":"none","values":[{"value":"block","label":"Block level sampling"},{"value":"none","label":"None"},{"value":"row","label":"Row level sampling"}],"displayGroup":"sampling","displayOrdinal":10,"user_defined":false},{"name":"schema_name","type":"string","label":"Schema name","description":"The name of the schema that contains the table to read from","required":false,"masked":false,"hidden":false,"readonly":false,"uiOnly":false,"multiline":false,"multichoice":false,"displayGroup":"generalSource","displayOrdinal":50,"user_defined":false},{"name":"select_statement","type":"string","label":"Select statement","description":"The SQL SELECT statement for retrieving data from the table","required":true,"masked":false,"hidden":false,"readonly":false,"uiOnly":false,"multiline":true,"multichoice":false,"displayGroup":"sqlSource","displayOrdinal":50,"user_defined":false},{"name":"table_name","type":"string","label":"Table name","description":"The name of the table to read from","required":true,"masked":false,"hidden":false,"readonly":false,"uiOnly":false,"multiline":false,"multichoice":false,"displayGroup":"generalSource","displayOrdinal":70,"user_defined":false}],"target":[{"name":"_java._heap_size","type":"integer","label":"Heap size","description":"Specify the maximum Java Virtual Machine heap size in megabytes.","required":false,"masked":false,"hidden":false,"readonly":false,"uiOnly":false,"multiline":false,"multichoice":false,"default_value":"256","displayGroup":"other","displayOrdinal":2147483647,"supported_products":["datastage_scapi"],"user_defined":false},{"name":"batch_size","type":"integer","label":"Batch size","description":"Number of records to be included in each batch","required":false,"masked":false,"hidden":false,"readonly":false,"uiOnly":false,"multiline":false,"multichoice":false,"default_value":"2000","displayGroup":"other","displayOrdinal":2147483647,"supported_products":["datastage_scapi"],"user_defined":false},{"name":"before_after.after","type":"string","label":"After SQL","description":"Enter the SQL statement or the fully-qualified name of the file that contains the SQL statement to run once after all data is processed.","required":false,"masked":false,"hidden":false,"readonly":false,"uiOnly":false,"multiline":true,"multichoice":false,"default_value":"","displayGroup":"before_after","displayOrdinal":300,"supported_products":["datastage_scapi"],"user_defined":false},{"name":"before_after.after.fail_on_error","type":"boolean","label":"Fail on error After SQL","description":"Abort the job if there is an error executing a command","required":false,"masked":false,"hidden":false,"readonly":false,"uiOnly":false,"multiline":false,"multichoice":false,"default_value":"true","displayGroup":"before_after","displayOrdinal":400,"supported_products":["datastage_scapi"],"user_defined":false},{"name":"before_after.after_node","type":"string","label":"After SQL (node)","description":"Enter the SQL statement or the fully-qualified name of the file that contains the SQL statement to run once one each node after all data is processed on that node.","required":false,"masked":false,"hidden":false,"readonly":false,"uiOnly":false,"multiline":true,"multichoice":false,"default_value":"","displayGroup":"before_after","displayOrdinal":700,"supported_products":["datastage_scapi"],"user_defined":false},{"name":"before_after.after_node.fail_on_error","type":"boolean","label":"Fail on error After SQL (node)","description":"Abort the job if there is an error executing a command","required":false,"masked":false,"hidden":false,"readonly":false,"uiOnly":false,"multiline":false,"multichoice":false,"default_value":"true","displayGroup":"before_after","displayOrdinal":800,"supported_products":["datastage_scapi"],"user_defined":false},{"name":"before_after.before","type":"string","label":"Before SQL","description":"Enter the SQL statement or the fully-qualified name of the file that contains the SQL statement to run once before any data is processed.","required":false,"masked":false,"hidden":false,"readonly":false,"uiOnly":false,"multiline":true,"multichoice":false,"default_value":"","displayGroup":"before_after","displayOrdinal":100,"supported_products":["datastage_scapi"],"user_defined":false},{"name":"before_after.before.fail_on_error","type":"boolean","label":"Fail on error Before SQL","description":"Abort the job if there is an error executing a command","required":false,"masked":false,"hidden":false,"readonly":false,"uiOnly":false,"multiline":false,"multichoice":false,"default_value":"true","displayGroup":"before_after","displayOrdinal":200,"supported_products":["datastage_scapi"],"user_defined":false},{"name":"before_after.before_node","type":"string","label":"Before SQL (node)","description":"Enter the SQL statement or the fully-qualified name of the file that contains the SQL statement to run once on each node before any data is processed on that node.","required":false,"masked":false,"hidden":false,"readonly":false,"uiOnly":false,"multiline":true,"multichoice":false,"default_value":"","displayGroup":"before_after","displayOrdinal":500,"supported_products":["datastage_scapi"],"user_defined":false},{"name":"before_after.before_node.fail_on_error","type":"boolean","label":"Fail on error Before SQL (node)","description":"Abort the job if there is an error executing a command","required":false,"masked":false,"hidden":false,"readonly":false,"uiOnly":false,"multiline":false,"multichoice":false,"default_value":"true","displayGroup":"before_after","displayOrdinal":600,"supported_products":["datastage_scapi"],"user_defined":false},{"name":"call_each_row","type":"boolean","label":"Execute procedure for each row","description":"Executes procedure for each row","required":false,"masked":false,"hidden":false,"readonly":false,"uiOnly":false,"multiline":false,"multichoice":false,"default_value":"true","displayGroup":"generalTarget","displayOrdinal":75,"supported_products":["datastage_scapi"],"user_defined":false},{"name":"call_statement","type":"string","label":"Call procedure statement","description":"The SQL statement to execute the stored procedure","required":false,"masked":false,"hidden":false,"readonly":false,"uiOnly":false,"multiline":true,"multichoice":false,"displayGroup":"sqlTarget","displayOrdinal":50,"supported_products":["datastage_scapi"],"user_defined":false},{"name":"create_statement","type":"string","label":"Create statement","description":"The Create DDL statement for recreating the target table","required":false,"masked":false,"hidden":false,"readonly":false,"uiOnly":false,"multiline":true,"multichoice":false,"displayGroup":"sqlTarget","displayOrdinal":5,"user_defined":false},{"name":"existing_table_action","type":"enum","label":"Table action","description":"The action to take on the target table, if it already exists, to handle the existing and new data sets","required":false,"masked":false,"hidden":true,"readonly":false,"uiOnly":false,"multiline":false,"multichoice":false,"default_value":"append","values":[{"value":"append","label":"Append"},{"value":"merge","label":"Merge"},{"value":"replace","label":"Replace"},{"value":"truncate","label":"Truncate"},{"value":"update","label":"Updated"}],"displayGroup":"other","displayOrdinal":2147483647,"user_defined":false},{"name":"key_column_names","type":"string","label":"Key column names","description":"A comma separated list of column names to override the primary key used during an update or merge","required":false,"masked":false,"hidden":false,"readonly":false,"uiOnly":false,"multiline":false,"multichoice":false,"displayGroup":"generalTarget","displayOrdinal":60,"user_defined":false},{"name":"procedure_name","type":"string","label":"Stored procedure name","description":"The name of the stored procedure to be executed","required":false,"masked":false,"hidden":false,"readonly":false,"uiOnly":false,"multiline":false,"multichoice":false,"displayGroup":"generalTarget","displayOrdinal":50,"supported_products":["datastage_scapi"],"user_defined":false},{"name":"schema_name","type":"string","label":"Schema name","description":"The name of the schema that contains the table to write to","required":false,"masked":false,"hidden":false,"readonly":false,"uiOnly":false,"multiline":false,"multichoice":false,"displayGroup":"generalTarget","displayOrdinal":30,"user_defined":false},{"name":"static_statement","type":"string","label":"Static statement","description":"The SQL used for setup operations, for example a CREATE statement","required":true,"masked":false,"hidden":false,"readonly":false,"uiOnly":false,"multiline":true,"multichoice":false,"displayGroup":"sqlTarget","displayOrdinal":20,"user_defined":false},{"name":"table_action","type":"enum","label":"Table action","description":"The action to take on the target table to handle the new data set","required":false,"masked":false,"hidden":false,"readonly":false,"uiOnly":false,"multiline":false,"multichoice":false,"default_value":"append","values":[{"value":"append","label":"Append"},{"value":"replace","label":"Replace"},{"value":"truncate","label":"Truncate"}],"displayGroup":"generalTarget","displayOrdinal":50,"user_defined":false},{"name":"table_name","type":"string","label":"Table name","description":"The name of the table to write to","required":false,"masked":false,"hidden":false,"readonly":false,"uiOnly":false,"multiline":false,"multichoice":false,"displayGroup":"generalTarget","displayOrdinal":40,"user_defined":false},{"name":"update_statement","type":"string","label":"Update statement","description":"The SQL INSERT, UPDATE, MERGE, or DELETE statement for updating data in the table.","required":false,"masked":false,"hidden":false,"readonly":false,"uiOnly":false,"multiline":true,"multichoice":false,"displayGroup":"sqlTarget","displayOrdinal":10,"user_defined":false},{"name":"write_mode","type":"enum","label":"Write mode","description":"The mode for writing records to the target table","required":false,"masked":false,"hidden":false,"readonly":false,"uiOnly":false,"multiline":false,"multichoice":false,"default_value":"insert","values":[{"value":"call","label":"Call procedure","supported_products":["datastage_scapi"]},{"value":"call_statement","label":"Call procedure statement","supported_products":["datastage_scapi"]},{"value":"insert","label":"Insert"},{"value":"merge","label":"Merge"},{"value":"static_statement","label":"Static statement","supported_products":["catalog","cpd","dv","dvaas_ga","mdi","ml","studio"]},{"value":"update","label":"Update"},{"value":"update_statement","label":"Update statement","supported_products":["catalog","cpd","datastage","datastage_scapi","dv","dvaas_ga","mdi","ml","studio"]},{"value":"update_statement_table_action","label":"Update statement with table action","supported_products":["catalog","cpd","datastage","datastage_scapi","dv","dvaas_ga","mdi","ml","studio"]}],"displayGroup":"generalTarget","displayOrdinal":10,"user_defined":false}]},"location_definition":{"physical_location_code":"FRA","sovereign_location_code":"DEU"}}}
