{"metadata":{"asset_id":"f9a41d0d-7e2d-482b-aa6f-2b7b49955448","asset_type":"connection","asset_category":"USER","create_time":"2022-05-27T15:09:24.000Z","creator_id":"IBMid-662003I49Q","project_id":"e1911c67-1c0a-4b4f-99db-a6515c2423d9","usage":{"last_access_time":"2022-06-10T10:25:02.085Z","last_accessor_id":"IBMid-662003I49Q","access_count":0}},"entity":{"datasource_type":"f13bc9b7-4a46-48f4-99c3-01d943334ba7","name":"Connection-Kafka","origin_country":"us","owner_id":"IBMid-662003I49Q","rov":{"mode":0},"properties":{"server_name":"20.107.54.225:12123","use_schema_registry":"false"},"interaction_properties":{"source":[{"name":"_advanced_client_logging","type":"boolean","label":"Advanced Kafka Client logging","description":"Advanced Kafka Client logging","required":false,"masked":false,"hidden":false,"readonly":false,"uiOnly":false,"multiline":false,"multichoice":false,"default_value":"false","tags":["advancedkafkasettings"],"displayGroup":"advancedkafkasettings","displayOrdinal":100,"supported_products":["catalog","cpd","datarefinery","datastage_connection","datastage_scapi","ml","studio"],"user_defined":false},{"name":"_advanced_kafka_config_options","type":"boolean","label":"Advanced Kafka Client configuration","description":"Advanced Kafka Client configuration","required":false,"masked":false,"hidden":false,"readonly":false,"uiOnly":false,"multiline":false,"multichoice":false,"default_value":"false","tags":["advancedkafkasettings"],"displayGroup":"advancedkafkasettings","displayOrdinal":200,"supported_products":["catalog","cpd","datarefinery","datastage_connection","datastage_scapi","ml","studio"],"user_defined":false},{"name":"_client_logging_level","type":"enum","label":"Logging level","description":"Logging level","required":false,"masked":false,"hidden":false,"readonly":false,"uiOnly":false,"multiline":false,"multichoice":false,"default_value":"off","values":[{"value":"debug","label":"DEBUG"},{"value":"error","label":"ERROR"},{"value":"fatal","label":"FATAL"},{"value":"info","label":"INFO"},{"value":"off","label":"OFF"},{"value":"trace","label":"TRACE"},{"value":"warn","label":"WARN"}],"tags":["advancedkafkasettings"],"displayGroup":"advancedkafkasettings","displayOrdinal":101,"supported_products":["catalog","cpd","datarefinery","datastage_connection","datastage_scapi","ml","studio"],"user_defined":false},{"name":"_consumer_group_name","type":"string","label":"Consumer group","description":"Consumer group name to be used when reading messages from Kafka topic.","required":false,"masked":false,"hidden":false,"readonly":false,"uiOnly":false,"multiline":false,"multichoice":false,"displayGroup":"general","displayOrdinal":101,"supported_products":["catalog","cpd","datarefinery","datastage_connection","datastage_scapi","ml","studio"],"user_defined":false},{"name":"_isolation_level","type":"enum","label":"Isolation level","description":"Kafka isolation level for messages written transactionally. Read commited will only fetch commited messages, Read uncommitted will fetch all of them.","required":false,"masked":false,"hidden":false,"readonly":false,"uiOnly":false,"multiline":false,"multichoice":false,"default_value":"read_uncommitted","values":[{"value":"read_committed","label":"Read committed"},{"value":"read_uncommitted","label":"Read uncommitted"}],"tags":["consumerconfig"],"displayGroup":"consumerconfig","displayOrdinal":302,"supported_products":["catalog","cpd","datarefinery","datastage_connection","datastage_scapi","ml","studio"],"user_defined":false},{"name":"_kafka_config_options","type":"string","label":"Client configuration properties","description":"Additional Kafka Client configuration options. Depending on the context in which Kafka Connector stage is used, either Kafka Producer or Kafka Consumer properties should be provided. The value of this multiline property must conform Java Properties class requirements.","required":false,"masked":false,"hidden":false,"readonly":false,"uiOnly":false,"multiline":true,"multichoice":false,"tags":["advancedkafkasettings"],"displayGroup":"advancedkafkasettings","displayOrdinal":201,"supported_products":["catalog","cpd","datarefinery","datastage_connection","datastage_scapi","ml","studio"],"user_defined":false},{"name":"_key_serializer_type","type":"enum","label":"Key serializer","description":"Specify the type of data key to use appropriate serializer or deserializer","required":false,"masked":false,"hidden":false,"readonly":false,"uiOnly":false,"multiline":false,"multichoice":false,"default_value":"string","values":[{"value":"avro","label":"Avro"},{"value":"byte","label":"Byte"},{"value":"double","label":"Double"},{"value":"integer","label":"Integer"},{"value":"small_integer","label":"Small Integer"},{"value":"string","label":"String"}],"tags":["advancedkafkasettings"],"displayGroup":"advancedkafkasettings","displayOrdinal":80,"supported_products":["catalog","cpd","datarefinery","datastage_connection","datastage_scapi","ml","studio"],"user_defined":false},{"name":"_max_messages","type":"integer","label":"Total number of messages","description":"Total number of messages","required":false,"masked":false,"hidden":false,"readonly":false,"uiOnly":false,"multiline":false,"multichoice":false,"tags":["terminationcondition"],"displayGroup":"terminationcondition","displayOrdinal":202,"supported_products":["catalog","cpd","datarefinery","datastage_connection","datastage_scapi","ml","studio"],"user_defined":false},{"name":"_max_poll_records","type":"integer","label":"Messages read within single request","description":"Maximum records to be fetched in a single poll.","required":false,"masked":false,"hidden":false,"readonly":false,"uiOnly":false,"multiline":false,"multichoice":false,"default_value":"100","tags":["consumerconfig"],"displayGroup":"consumerconfig","displayOrdinal":300,"supported_products":["catalog","cpd","datarefinery","datastage_connection","datastage_scapi","ml","studio"],"user_defined":false},{"name":"_reset_policy","type":"enum","label":"Reset policy","description":"Set reset policy (must be either 'earliest', 'latest' (default: latest)","required":false,"masked":false,"hidden":false,"readonly":false,"uiOnly":false,"multiline":false,"multichoice":false,"default_value":"latest","values":[{"value":"earliest","label":"Earliest"},{"value":"latest","label":"Latest"}],"tags":["consumerconfig"],"displayGroup":"consumerconfig","displayOrdinal":301,"supported_products":["catalog","cpd","datarefinery","datastage_connection","datastage_scapi","ml","studio"],"user_defined":false},{"name":"_start_offset","type":"string","label":"Kafka start offset","description":"Starting offset per each partition. [partition:offset,partition:offset,...] or [offset,offset,offset]","required":false,"masked":false,"hidden":false,"readonly":false,"uiOnly":false,"multiline":false,"multichoice":false,"tags":["consumerconfig"],"displayGroup":"consumerconfig","displayOrdinal":303,"supported_products":["catalog","cpd","datarefinery","datastage_connection","datastage_scapi","ml","studio"],"user_defined":false},{"name":"_stop_message","type":"string","label":"Stop message pattern","description":"Regular expression, which if matched, will stop continuous mode","required":false,"masked":false,"hidden":false,"readonly":false,"uiOnly":false,"multiline":false,"multichoice":false,"tags":["terminationcondition"],"displayGroup":"terminationcondition","displayOrdinal":203,"supported_products":["catalog","cpd","datarefinery","datastage_connection","datastage_scapi","ml","studio"],"user_defined":false},{"name":"_timeout","type":"integer","label":"Overall job execution time (secs)","description":"Specify the time in seconds after which the consumer would not poll for records.","required":false,"masked":false,"hidden":false,"readonly":false,"uiOnly":false,"multiline":false,"multichoice":false,"tags":["terminationcondition"],"displayGroup":"terminationcondition","displayOrdinal":200,"supported_products":["catalog","cpd","datarefinery","datastage_connection","datastage_scapi","ml","studio"],"user_defined":false},{"name":"_timeout_after_last_message","type":"integer","label":"Timeout after last message (secs)","description":"Timeout after last message (secs)","required":false,"masked":false,"hidden":false,"readonly":false,"uiOnly":false,"multiline":false,"multichoice":false,"default_value":"30","tags":["terminationcondition"],"displayGroup":"terminationcondition","displayOrdinal":201,"supported_products":["catalog","cpd","datarefinery","datastage_connection","datastage_scapi","ml","studio"],"user_defined":false},{"name":"_value_serializer_type","type":"enum","label":"Value serializer","description":"Specify the type of data to use appropriate serializer or deserializer","required":false,"masked":false,"hidden":false,"readonly":false,"uiOnly":false,"multiline":false,"multichoice":false,"default_value":"string","values":[{"value":"avro","label":"Avro"},{"value":"byte","label":"Byte"},{"value":"double","label":"Double"},{"value":"integer","label":"Integer"},{"value":"small_integer","label":"Small Integer"},{"value":"string","label":"String"}],"tags":["advancedkafkasettings"],"displayGroup":"advancedkafkasettings","displayOrdinal":90,"supported_products":["catalog","cpd","datarefinery","datastage_connection","datastage_scapi","ml","studio"],"user_defined":false},{"name":"_warn_and_error_log","type":"enum","label":"Warning and error log entries","description":"Warning and error log entries","required":false,"masked":false,"hidden":false,"readonly":false,"uiOnly":false,"multiline":false,"multichoice":false,"default_value":"log_as_informational","values":[{"value":"keep_severity","label":"Keep severity"},{"value":"log_as_informational","label":"Log as informational"},{"value":"log_as_warning","label":"Log as waring"}],"tags":["advancedkafkasettings"],"displayGroup":"advancedkafkasettings","displayOrdinal":102,"supported_products":["catalog","cpd","datarefinery","datastage_connection","datastage_scapi","ml","studio"],"user_defined":false},{"name":"advanced_kafka_config_options","type":"string","label":"Client configuration properties","description":"Additional Kafka Client configuration options. Depending on the context in which Kafka Connector stage is used, either Kafka Producer or Kafka Consumer properties should be provided. The value of this multiline property must conform Java Properties class requirements.","required":false,"masked":false,"hidden":false,"readonly":false,"uiOnly":false,"multiline":true,"multichoice":false,"displayGroup":"advancedkafkaconfiguration","displayOrdinal":100,"supported_products":["cpd","datastage"],"user_defined":false},{"name":"consumer_group_name","type":"string","label":"Consumer group","description":"Consumer group name to be used when reading messages from Kafka topic.","required":false,"masked":false,"hidden":false,"readonly":false,"uiOnly":false,"multiline":false,"multichoice":false,"displayGroup":"general","displayOrdinal":400,"supported_products":["cpd","datastage"],"user_defined":false},{"name":"continuous_mode","type":"boolean","label":"Continuous mode","description":"Choose continuous mode on or off","required":false,"masked":false,"hidden":false,"readonly":false,"uiOnly":false,"multiline":false,"multichoice":false,"default_value":"false","displayGroup":"general","displayOrdinal":800,"supported_products":["cpd","datastage"],"user_defined":false},{"name":"end_of_data","type":"boolean","label":"End of data","description":"Specify whether to insert EOW marker for the final set of records when their number is smaller than the value specified for the transaction record count. Note that if the specified transaction record count value is 0 (representing all available records), there is only one transaction wave which consists of all the records, and so the End of data value should be set to Yes in order for EOW marker to be inserted for that transaction wave","required":false,"masked":false,"hidden":false,"readonly":false,"uiOnly":false,"multiline":false,"multichoice":false,"default_value":"false","displayGroup":"transaction","displayOrdinal":400,"supported_products":["cpd","datastage"],"user_defined":false},{"name":"end_of_wave","type":"boolean","label":"End of wave","description":"Specify whether to insert EOW marker","required":false,"masked":false,"hidden":false,"readonly":false,"uiOnly":false,"multiline":false,"multichoice":false,"default_value":"false","displayGroup":"transaction","displayOrdinal":300,"supported_products":["cpd","datastage"],"user_defined":false},{"name":"heap_size","type":"integer","label":"Heap size","description":"Specify the maximum Java Virtual Machine heap size in megabytes.","required":false,"masked":false,"hidden":false,"readonly":false,"uiOnly":false,"multiline":false,"multichoice":false,"default_value":"256","displayGroup":"javasettings","displayOrdinal":100,"supported_products":["cpd","datastage"],"user_defined":false},{"name":"isolation_level","type":"enum","label":"Isolation level","description":"Kafka isolation level for messages written transactionally. Read commited will only fetch commited messages, Read uncommitted will fetch all of them.","required":false,"masked":false,"hidden":false,"readonly":false,"uiOnly":false,"multiline":false,"multichoice":false,"default_value":"read_uncommitted","values":[{"value":"read_committed","label":"Read committed"},{"value":"read_uncommitted","label":"Read uncommitted"}],"displayGroup":"general","displayOrdinal":1100,"supported_products":["cpd","datastage"],"user_defined":false},{"name":"kafka_client_logging_level","type":"enum","label":"Logging level","description":"Minimum logging level of messages from Kafka Client that will be written in the job log. Each entry that is read from Kafka Client has special prefix [KAFKA].","required":false,"masked":false,"hidden":false,"readonly":false,"uiOnly":false,"multiline":false,"multichoice":false,"default_value":"off","values":[{"value":"debug","label":"DEBUG"},{"value":"error","label":"ERROR"},{"value":"fatal","label":"FATAL"},{"value":"info","label":"INFO"},{"value":"off","label":"OFF"},{"value":"trace","label":"TRACE"},{"value":"warn","label":"WARN"}],"displayGroup":"advancedkafkaconfiguration","displayOrdinal":200,"supported_products":["cpd","datastage"],"user_defined":false},{"name":"kafka_config_options","type":"string","label":"Kafka config options","description":"Additional config options which can be set.","required":false,"masked":false,"hidden":true,"readonly":false,"uiOnly":false,"multiline":false,"multichoice":false,"displayGroup":"general","displayOrdinal":1300,"supported_products":["cpd","datastage"],"user_defined":false},{"name":"kafka_warning_and_error_logs","type":"enum","label":"Warning and error log entries","description":"Defines how messages with severity higher than WARN (WARN, ERROR, FATAL) will be written in the job log.","required":false,"masked":false,"hidden":false,"readonly":false,"uiOnly":false,"multiline":false,"multichoice":false,"default_value":"log_as_informational","values":[{"value":"keep_severity","label":"Keep severity"},{"value":"log_as_informational","label":"Log as informational"},{"value":"log_as_warning","label":"Log as warning"}],"displayGroup":"advancedkafkaconfiguration","displayOrdinal":300,"supported_products":["cpd","datastage"],"user_defined":false},{"name":"key_serializer_type","type":"enum","label":"Key serializer","description":"Specify the type of data key to use appropriate serializer or deserializer","required":false,"masked":false,"hidden":false,"readonly":false,"uiOnly":false,"multiline":false,"multichoice":false,"default_value":"string","values":[{"value":"avro","label":"Avro"},{"value":"byte","label":"Byte"},{"value":"double","label":"Double"},{"value":"integer","label":"Integer"},{"value":"small_integer","label":"Small Integer"},{"value":"string","label":"String"}],"displayGroup":"general","displayOrdinal":200,"supported_products":["cpd","datastage"],"user_defined":false},{"name":"max_messages","type":"integer","label":"Max messages","description":"Maximum number of messages to be produced to the topic on a per player process basis. This should be a multiple of max poll records.","required":false,"masked":false,"hidden":false,"readonly":false,"uiOnly":false,"multiline":false,"multichoice":false,"default_value":"100","displayGroup":"general","displayOrdinal":600,"supported_products":["cpd","datastage"],"user_defined":false},{"name":"max_poll_records","type":"integer","label":"Max poll records","description":"Maximum records to be fetched in a single poll.","required":false,"masked":false,"hidden":false,"readonly":false,"uiOnly":false,"multiline":false,"multichoice":false,"default_value":"100","displayGroup":"general","displayOrdinal":500,"supported_products":["cpd","datastage"],"user_defined":false},{"name":"record_count","type":"integer","label":"Record count","description":"Number of records per transaction. The value 0 means all available records","required":false,"masked":false,"hidden":false,"readonly":false,"uiOnly":false,"multiline":false,"multichoice":false,"default_value":"0","displayGroup":"transaction","displayOrdinal":100,"supported_products":["cpd","datastage"],"user_defined":false},{"name":"registry_key_chain_pem","type":"string","label":"Key certificates chain","description":"Certificates chain for private key in the PEM format. Only X.509 certificates are supported.","required":false,"masked":false,"hidden":false,"readonly":false,"uiOnly":false,"multiline":true,"multichoice":false,"displayGroup":"schemaregistry","displayOrdinal":1100,"supported_products":["cpd","datastage"],"user_defined":false},{"name":"registry_key_password","type":"string","label":"Key password","description":"Password for key","required":false,"masked":true,"hidden":false,"readonly":false,"uiOnly":false,"multiline":false,"multichoice":false,"displayGroup":"schemaregistry","displayOrdinal":1200,"supported_environments":["private"],"supported_products":["cpd","datastage"],"user_defined":false},{"name":"registry_key_pem","type":"string","label":"Key","description":"Private key in the PEM format. Only PKCS#8 keys are supported. If the key is encrypted, key password must be specified using 'Key password' property.","required":false,"masked":false,"hidden":false,"readonly":false,"uiOnly":false,"multiline":true,"multichoice":false,"displayGroup":"schemaregistry","displayOrdinal":1000,"supported_products":["cpd","datastage"],"user_defined":false},{"name":"registry_keystore_location","type":"string","label":"Keystore location","description":"Location of schema registry keystore file","required":false,"masked":false,"hidden":false,"readonly":false,"uiOnly":false,"multiline":false,"multichoice":false,"displayGroup":"schemaregistry","displayOrdinal":600,"supported_environments":["private"],"supported_products":["cpd","datastage"],"user_defined":false},{"name":"registry_keystore_password","type":"string","label":"Keystore password","description":"Password for keystore file","required":false,"masked":true,"hidden":false,"readonly":false,"uiOnly":false,"multiline":false,"multichoice":false,"displayGroup":"schemaregistry","displayOrdinal":700,"supported_environments":["private"],"supported_products":["cpd","datastage"],"user_defined":false},{"name":"registry_keytab","type":"string","label":"Keytab","description":"Keytab","required":false,"masked":false,"hidden":false,"readonly":false,"uiOnly":false,"multiline":false,"multichoice":false,"displayGroup":"schemaregistry","displayOrdinal":900,"supported_environments":["private"],"supported_products":["cpd","datastage"],"user_defined":false},{"name":"registry_password","type":"string","label":"Password","description":"Password","required":false,"masked":true,"hidden":false,"readonly":false,"uiOnly":false,"multiline":false,"multichoice":false,"displayGroup":"schemaregistry","displayOrdinal":240,"supported_products":["cpd","datastage"],"user_defined":false},{"name":"registry_principal_name","type":"string","label":"User Principal name","description":"Specify the user name to be use to connect to the kerberized schema registry. If left blank, value is read from 'User Principal name' field of Kafka broker connection.","required":false,"masked":false,"hidden":false,"readonly":false,"uiOnly":false,"multiline":false,"multichoice":false,"displayGroup":"schemaregistry","displayOrdinal":850,"supported_environments":["private"],"supported_products":["cpd","datastage"],"user_defined":false},{"name":"registry_trust_location","type":"string","label":"Truststore location","description":"Location of Schema registry truststore file","required":false,"masked":false,"hidden":false,"readonly":false,"uiOnly":false,"multiline":false,"multichoice":false,"displayGroup":"schemaregistry","displayOrdinal":400,"supported_environments":["private"],"supported_products":["cpd","datastage"],"user_defined":false},{"name":"registry_trust_password","type":"string","label":"Truststore password","description":"Password for truststore file","required":false,"masked":true,"hidden":false,"readonly":false,"uiOnly":false,"multiline":false,"multichoice":false,"displayGroup":"schemaregistry","displayOrdinal":500,"supported_environments":["private"],"supported_products":["cpd","datastage"],"user_defined":false},{"name":"registry_truststore_pem","type":"string","label":"Truststore certificates","description":"Trusted certificates in the PEM format. Only X.509 certificates are supported.","required":false,"masked":false,"hidden":false,"readonly":false,"uiOnly":false,"multiline":true,"multichoice":false,"displayGroup":"schemaregistry","displayOrdinal":800,"supported_products":["cpd","datastage"],"user_defined":false},{"name":"registry_username","type":"string","label":"User name","description":"User name","required":false,"masked":false,"hidden":false,"readonly":false,"uiOnly":false,"multiline":false,"multichoice":false,"displayGroup":"schemaregistry","displayOrdinal":230,"supported_products":["cpd","datastage"],"user_defined":false},{"name":"reset_policy","type":"enum","label":"Reset policy","description":"Set reset policy (must be either 'earliest', 'latest' (default: latest)","required":false,"masked":false,"hidden":false,"readonly":false,"uiOnly":false,"multiline":false,"multichoice":false,"default_value":"earliest","values":[{"value":"earliest","label":"Earliest"},{"value":"latest","label":"Latest"}],"displayGroup":"general","displayOrdinal":700,"supported_products":["cpd","datastage"],"user_defined":false},{"name":"row_limit","type":"integer","label":"Row limit","description":"The maximum number of rows to return","placeholder":"1000","required":false,"masked":false,"hidden":true,"readonly":false,"uiOnly":false,"multiline":false,"multichoice":false,"displayGroup":"consumerconfig","displayOrdinal":10,"supported_products":["catalog","cpd","datarefinery","datastage_connection","datastage_scapi","ml","studio"],"user_defined":false},{"name":"schema_registry_authentication","type":"enum","label":"Authentication","description":"Select option to provide credentials for authentication","required":false,"masked":false,"hidden":false,"readonly":false,"uiOnly":false,"multiline":false,"multichoice":false,"default_value":"none","values":[{"value":"none","label":"None"},{"value":"reuse_sasl_credentials","label":"Use Kafka server SASL user credentials"},{"value":"user_credentials","label":"User credentials"}],"displayGroup":"schemaregistry","displayOrdinal":220,"supported_products":["cpd","datastage"],"user_defined":false},{"name":"schema_registry_secure","type":"enum","label":"Secure connection","description":"Select type of secure connection to schema registry","required":false,"masked":false,"hidden":false,"readonly":false,"uiOnly":false,"multiline":false,"multichoice":false,"default_value":"none","values":[{"value":"kerberos","label":"Kerberos","supported_environments":["private"]},{"value":"none","label":"None"},{"value":"ssl","label":"SSL"},{"value":"reuse_ssl","label":"Use Kafka server SSL connection settings"}],"displayGroup":"schemaregistry","displayOrdinal":300,"supported_products":["cpd","datastage"],"user_defined":false},{"name":"schema_registry_type","type":"enum","label":"Schema Registry type","description":"Select type of schema registry service","required":false,"masked":false,"hidden":false,"readonly":false,"uiOnly":false,"multiline":false,"multichoice":false,"default_value":"confluent","values":[{"value":"cloudera","label":"Cloudera"},{"value":"confluent","label":"Confluent"}],"displayGroup":"schemaregistry","displayOrdinal":100,"supported_environments":["private"],"supported_products":["cpd","datastage"],"user_defined":false},{"name":"schema_registry_url","type":"string","label":"Registry URL","description":"Specify schema registry service URL","required":false,"masked":false,"hidden":false,"readonly":false,"uiOnly":false,"multiline":false,"multichoice":false,"displayGroup":"schemaregistry","displayOrdinal":200,"supported_products":["cpd","datastage"],"user_defined":false},{"name":"start_offset","type":"string","label":"Kafka start offset","description":"Starting offset per each partition. [partition:offset,partition:offset,...] or [offset,offset,offset]","required":false,"masked":false,"hidden":false,"readonly":false,"uiOnly":false,"multiline":false,"multichoice":false,"displayGroup":"general","displayOrdinal":1200,"supported_products":["cpd","datastage"],"user_defined":false},{"name":"stop_message","type":"string","label":"Stop message","description":"Regular expression, which if matched, will stop continuous mode","required":false,"masked":false,"hidden":false,"readonly":false,"uiOnly":false,"multiline":false,"multichoice":false,"displayGroup":"general","displayOrdinal":900,"supported_products":["cpd","datastage"],"user_defined":false},{"name":"time_interval","type":"integer","label":"Time interval","description":"Time interval for transaction","required":false,"masked":false,"hidden":false,"readonly":false,"uiOnly":false,"multiline":false,"multichoice":false,"default_value":"0","displayGroup":"transaction","displayOrdinal":200,"supported_products":["cpd","datastage"],"user_defined":false},{"name":"timeout","type":"integer","label":"Timeout (secs)","description":"Specify the time in seconds after which the consumer would not poll for records.","required":false,"masked":false,"hidden":false,"readonly":false,"uiOnly":false,"multiline":false,"multichoice":false,"default_value":"30","displayGroup":"general","displayOrdinal":1000,"supported_products":["cpd","datastage"],"user_defined":false},{"name":"topic_name","type":"string","label":"Topic name","description":"Kafka topic name.","required":true,"masked":false,"hidden":false,"readonly":false,"uiOnly":false,"multiline":false,"multichoice":false,"displayGroup":"general","displayOrdinal":100,"user_defined":false},{"name":"value_serializer_type","type":"enum","label":"Value serializer","description":"Specify the type of data to use appropriate serializer or deserializer","required":false,"masked":false,"hidden":false,"readonly":false,"uiOnly":false,"multiline":false,"multichoice":false,"default_value":"string","values":[{"value":"avro","label":"Avro"},{"value":"byte","label":"Byte"},{"value":"double","label":"Double"},{"value":"integer","label":"Integer"},{"value":"small_integer","label":"Small Integer"},{"value":"string","label":"String"}],"displayGroup":"general","displayOrdinal":300,"supported_products":["cpd","datastage"],"user_defined":false}],"target":[{"name":"_advanced_client_logging","type":"boolean","label":"Advanced Kafka Client logging","description":"Advanced Kafka Client logging","required":false,"masked":false,"hidden":false,"readonly":false,"uiOnly":false,"multiline":false,"multichoice":false,"default_value":"false","tags":["advancedkafkasettings"],"displayGroup":"advancedkafkasettings","displayOrdinal":100,"supported_products":["catalog","cpd","datarefinery","datastage_connection","datastage_scapi","ml","studio"],"user_defined":false},{"name":"_advanced_kafka_config_options","type":"boolean","label":"Advanced Kafka Client configuration","description":"Advanced Kafka Client configuration","required":false,"masked":false,"hidden":false,"readonly":false,"uiOnly":false,"multiline":false,"multichoice":false,"default_value":"false","tags":["advancedkafkasettings"],"displayGroup":"advancedkafkasettings","displayOrdinal":200,"supported_products":["catalog","cpd","datarefinery","datastage_connection","datastage_scapi","ml","studio"],"user_defined":false},{"name":"_client_logging_level","type":"enum","label":"Logging level","description":"Logging level","required":false,"masked":false,"hidden":false,"readonly":false,"uiOnly":false,"multiline":false,"multichoice":false,"default_value":"off","values":[{"value":"debug","label":"DEBUG"},{"value":"error","label":"ERROR"},{"value":"fatal","label":"FATAL"},{"value":"info","label":"INFO"},{"value":"off","label":"OFF"},{"value":"trace","label":"TRACE"},{"value":"warn","label":"WARN"}],"tags":["advancedkafkasettings"],"displayGroup":"advancedkafkasettings","displayOrdinal":101,"supported_products":["catalog","cpd","datarefinery","datastage_connection","datastage_scapi","ml","studio"],"user_defined":false},{"name":"_kafka_config_options","type":"string","label":"Client configuration properties","description":"Additional Kafka Client configuration options. Depending on the context in which Kafka Connector stage is used, either Kafka Producer or Kafka Consumer properties should be provided. The value of this multiline property must conform Java Properties class requirements.","required":false,"masked":false,"hidden":false,"readonly":false,"uiOnly":false,"multiline":true,"multichoice":false,"tags":["advancedkafkasettings"],"displayGroup":"advancedkafkasettings","displayOrdinal":201,"supported_products":["catalog","cpd","datarefinery","datastage_connection","datastage_scapi","ml","studio"],"user_defined":false},{"name":"_key_serializer_type","type":"enum","label":"Key serializer","description":"Specify the type of data key to use appropriate serializer or deserializer","required":false,"masked":false,"hidden":false,"readonly":false,"uiOnly":false,"multiline":false,"multichoice":false,"default_value":"string","values":[{"value":"avro","label":"Avro"},{"value":"byte","label":"Byte"},{"value":"double","label":"Double"},{"value":"integer","label":"Integer"},{"value":"small_integer","label":"Small Integer"},{"value":"string","label":"String"}],"tags":["advancedkafkasettings"],"displayGroup":"advancedkafkasettings","displayOrdinal":80,"supported_products":["catalog","cpd","datarefinery","datastage_connection","datastage_scapi","ml","studio"],"user_defined":false},{"name":"_value_serializer_type","type":"enum","label":"Value serializer","description":"Specify the type of data to use appropriate serializer or deserializer","required":false,"masked":false,"hidden":false,"readonly":false,"uiOnly":false,"multiline":false,"multichoice":false,"default_value":"string","values":[{"value":"avro","label":"Avro"},{"value":"byte","label":"Byte"},{"value":"double","label":"Double"},{"value":"integer","label":"Integer"},{"value":"small_integer","label":"Small Integer"},{"value":"string","label":"String"}],"tags":["advancedkafkasettings"],"displayGroup":"advancedkafkasettings","displayOrdinal":90,"supported_products":["catalog","cpd","datarefinery","datastage_connection","datastage_scapi","ml","studio"],"user_defined":false},{"name":"_warn_and_error_log","type":"enum","label":"Warning and error log entries","description":"Warning and error log entries","required":false,"masked":false,"hidden":false,"readonly":false,"uiOnly":false,"multiline":false,"multichoice":false,"default_value":"log_as_informational","values":[{"value":"keep_severity","label":"Keep severity"},{"value":"log_as_informational","label":"Log as informational"},{"value":"log_as_warning","label":"Log as waring"}],"tags":["advancedkafkasettings"],"displayGroup":"advancedkafkasettings","displayOrdinal":102,"supported_products":["catalog","cpd","datarefinery","datastage_connection","datastage_scapi","ml","studio"],"user_defined":false},{"name":"advanced_kafka_config_options","type":"string","label":"Client configuration properties","description":"Additional Kafka Client configuration options. Depending on the context in which Kafka Connector stage is used, either Kafka Producer or Kafka Consumer properties should be provided. The value of this multiline property must conform Java Properties class requirements.","required":false,"masked":false,"hidden":false,"readonly":false,"uiOnly":false,"multiline":true,"multichoice":false,"displayGroup":"advancedkafkaconfiguration","displayOrdinal":100,"supported_products":["cpd","datastage"],"user_defined":false},{"name":"heap_size","type":"integer","label":"Heap size","description":"Specify the maximum Java Virtual Machine heap size in megabytes.","required":false,"masked":false,"hidden":false,"readonly":false,"uiOnly":false,"multiline":false,"multichoice":false,"default_value":"256","displayGroup":"javasettings","displayOrdinal":100,"supported_products":["cpd","datastage"],"user_defined":false},{"name":"kafka_client_logging_level","type":"enum","label":"Logging level","description":"Minimum logging level of messages from Kafka Client that will be written in the job log. Each entry that is read from Kafka Client has special prefix [KAFKA].","required":false,"masked":false,"hidden":false,"readonly":false,"uiOnly":false,"multiline":false,"multichoice":false,"default_value":"off","values":[{"value":"debug","label":"DEBUG"},{"value":"error","label":"ERROR"},{"value":"fatal","label":"FATAL"},{"value":"info","label":"INFO"},{"value":"off","label":"OFF"},{"value":"trace","label":"TRACE"},{"value":"warn","label":"WARN"}],"displayGroup":"advancedkafkaconfiguration","displayOrdinal":200,"supported_products":["cpd","datastage"],"user_defined":false},{"name":"kafka_config_options","type":"string","label":"Kafka config options","description":"Additional config options which can be set.","required":false,"masked":false,"hidden":true,"readonly":false,"uiOnly":false,"multiline":false,"multichoice":false,"displayGroup":"general","displayOrdinal":400,"supported_products":["cpd","datastage"],"user_defined":false},{"name":"kafka_warning_and_error_logs","type":"enum","label":"Warning and error log entries","description":"Defines how messages with severity higher than WARN (WARN, ERROR, FATAL) will be written in the job log.","required":false,"masked":false,"hidden":false,"readonly":false,"uiOnly":false,"multiline":false,"multichoice":false,"default_value":"log_as_informational","values":[{"value":"keep_severity","label":"Keep severity"},{"value":"log_as_informational","label":"Log as informational"},{"value":"log_as_warning","label":"Log as warning"}],"displayGroup":"advancedkafkaconfiguration","displayOrdinal":300,"supported_products":["cpd","datastage"],"user_defined":false},{"name":"key_serializer_type","type":"enum","label":"Key serializer","description":"Specify the type of data key to use appropriate serializer or deserializer","required":false,"masked":false,"hidden":false,"readonly":false,"uiOnly":false,"multiline":false,"multichoice":false,"default_value":"string","values":[{"value":"avro","label":"Avro"},{"value":"byte","label":"Byte"},{"value":"double","label":"Double"},{"value":"integer","label":"Integer"},{"value":"small_integer","label":"Small Integer"},{"value":"string","label":"String"}],"displayGroup":"general","displayOrdinal":200,"supported_products":["cpd","datastage"],"user_defined":false},{"name":"registry_key_chain_pem","type":"string","label":"Key certificates chain","description":"Certificates chain for private key in the PEM format. Only X.509 certificates are supported.","required":false,"masked":false,"hidden":false,"readonly":false,"uiOnly":false,"multiline":true,"multichoice":false,"displayGroup":"schemaregistry","displayOrdinal":1100,"supported_products":["cpd","datastage"],"user_defined":false},{"name":"registry_key_password","type":"string","label":"Key password","description":"Password for key","required":false,"masked":true,"hidden":false,"readonly":false,"uiOnly":false,"multiline":false,"multichoice":false,"displayGroup":"schemaregistry","displayOrdinal":1200,"supported_environments":["private"],"supported_products":["cpd","datastage"],"user_defined":false},{"name":"registry_key_pem","type":"string","label":"Key","description":"Private key in the PEM format. Only PKCS#8 keys are supported. If the key is encrypted, key password must be specified using 'Key password' property.","required":false,"masked":false,"hidden":false,"readonly":false,"uiOnly":false,"multiline":true,"multichoice":false,"displayGroup":"schemaregistry","displayOrdinal":1000,"supported_products":["cpd","datastage"],"user_defined":false},{"name":"registry_keystore_location","type":"string","label":"Keystore location","description":"Location of schema registry keystore file","required":false,"masked":false,"hidden":false,"readonly":false,"uiOnly":false,"multiline":false,"multichoice":false,"displayGroup":"schemaregistry","displayOrdinal":600,"supported_environments":["private"],"supported_products":["cpd","datastage"],"user_defined":false},{"name":"registry_keystore_password","type":"string","label":"Keystore password","description":"Password for keystore file","required":false,"masked":true,"hidden":false,"readonly":false,"uiOnly":false,"multiline":false,"multichoice":false,"displayGroup":"schemaregistry","displayOrdinal":700,"supported_environments":["private"],"supported_products":["cpd","datastage"],"user_defined":false},{"name":"registry_keytab","type":"string","label":"Keytab","description":"Keytab","required":false,"masked":false,"hidden":false,"readonly":false,"uiOnly":false,"multiline":false,"multichoice":false,"displayGroup":"schemaregistry","displayOrdinal":900,"supported_environments":["private"],"supported_products":["cpd","datastage"],"user_defined":false},{"name":"registry_password","type":"string","label":"Password","description":"Password","required":false,"masked":true,"hidden":false,"readonly":false,"uiOnly":false,"multiline":false,"multichoice":false,"displayGroup":"schemaregistry","displayOrdinal":240,"supported_products":["cpd","datastage"],"user_defined":false},{"name":"registry_principal_name","type":"string","label":"User Principal name","description":"Specify the user name to be use to connect to the kerberized schema registry. If left blank, value is read from 'User Principal name' field of Kafka broker connection.","required":false,"masked":false,"hidden":false,"readonly":false,"uiOnly":false,"multiline":false,"multichoice":false,"displayGroup":"schemaregistry","displayOrdinal":850,"supported_environments":["private"],"supported_products":["cpd","datastage"],"user_defined":false},{"name":"registry_trust_location","type":"string","label":"Truststore location","description":"Location of Schema registry truststore file","required":false,"masked":false,"hidden":false,"readonly":false,"uiOnly":false,"multiline":false,"multichoice":false,"displayGroup":"schemaregistry","displayOrdinal":400,"supported_environments":["private"],"supported_products":["cpd","datastage"],"user_defined":false},{"name":"registry_trust_password","type":"string","label":"Truststore password","description":"Password for truststore file","required":false,"masked":true,"hidden":false,"readonly":false,"uiOnly":false,"multiline":false,"multichoice":false,"displayGroup":"schemaregistry","displayOrdinal":500,"supported_environments":["private"],"supported_products":["cpd","datastage"],"user_defined":false},{"name":"registry_truststore_pem","type":"string","label":"Truststore certificates","description":"Trusted certificates in the PEM format. Only X.509 certificates are supported.","required":false,"masked":false,"hidden":false,"readonly":false,"uiOnly":false,"multiline":true,"multichoice":false,"displayGroup":"schemaregistry","displayOrdinal":800,"supported_products":["cpd","datastage"],"user_defined":false},{"name":"registry_username","type":"string","label":"User name","description":"User name","required":false,"masked":false,"hidden":false,"readonly":false,"uiOnly":false,"multiline":false,"multichoice":false,"displayGroup":"schemaregistry","displayOrdinal":230,"supported_products":["cpd","datastage"],"user_defined":false},{"name":"schema_registry_authentication","type":"enum","label":"Authentication","description":"Select option to provide credentials for authentication","required":false,"masked":false,"hidden":false,"readonly":false,"uiOnly":false,"multiline":false,"multichoice":false,"default_value":"none","values":[{"value":"none","label":"None"},{"value":"reuse_sasl_credentials","label":"Use Kafka server SASL user credentials"},{"value":"user_credentials","label":"User credentials"}],"displayGroup":"schemaregistry","displayOrdinal":220,"supported_products":["cpd","datastage"],"user_defined":false},{"name":"schema_registry_secure","type":"enum","label":"Secure connection","description":"Select type of secure connection to schema registry","required":false,"masked":false,"hidden":false,"readonly":false,"uiOnly":false,"multiline":false,"multichoice":false,"default_value":"none","values":[{"value":"kerberos","label":"Kerberos","supported_environments":["private"]},{"value":"none","label":"None"},{"value":"ssl","label":"SSL"},{"value":"reuse_ssl","label":"Use Kafka server SSL connection settings"}],"displayGroup":"schemaregistry","displayOrdinal":300,"supported_products":["cpd","datastage"],"user_defined":false},{"name":"schema_registry_type","type":"enum","label":"Schema Registry type","description":"Select type of schema registry service","required":false,"masked":false,"hidden":false,"readonly":false,"uiOnly":false,"multiline":false,"multichoice":false,"default_value":"confluent","values":[{"value":"cloudera","label":"Cloudera"},{"value":"confluent","label":"Confluent"}],"displayGroup":"schemaregistry","displayOrdinal":100,"supported_environments":["private"],"supported_products":["cpd","datastage"],"user_defined":false},{"name":"schema_registry_url","type":"string","label":"Registry URL","description":"Specify schema registry service URL","required":false,"masked":false,"hidden":false,"readonly":false,"uiOnly":false,"multiline":false,"multichoice":false,"displayGroup":"schemaregistry","displayOrdinal":200,"supported_products":["cpd","datastage"],"user_defined":false},{"name":"topic_name","type":"string","label":"Topic name","description":"Kafka topic name.","required":true,"masked":false,"hidden":false,"readonly":false,"uiOnly":false,"multiline":false,"multichoice":false,"displayGroup":"general","displayOrdinal":100,"user_defined":false},{"name":"value_serializer_type","type":"enum","label":"Value serializer","description":"Specify the type of data to use appropriate serializer or deserializer","required":false,"masked":false,"hidden":false,"readonly":false,"uiOnly":false,"multiline":false,"multichoice":false,"default_value":"string","values":[{"value":"avro","label":"Avro"},{"value":"byte","label":"Byte"},{"value":"double","label":"Double"},{"value":"integer","label":"Integer"},{"value":"small_integer","label":"Small Integer"},{"value":"string","label":"String"}],"displayGroup":"general","displayOrdinal":300,"supported_products":["cpd","datastage"],"user_defined":false}]},"location_definition":{"physical_location_code":"FRA"}}}
