[{"metadata":{"asset_id":"de9c3168-6c0b-4135-8861-22a433b53edb","asset_type":"data_intg_flow","catalog_id":"071d9c10-80cb-406f-b677-87a779dc1895","create_time":"2022-06-28T10:08:47.000Z","creator_id":"IBMid-662003I49Q","name":"Staging_copy_1652693085696_copy_1654955697488_copy_1655541272588_copy_1656410927308","origin_country":"us","size":73083,"project_id":"e1911c67-1c0a-4b4f-99db-a6515c2423d9","resource_key":"e1911c67-1c0a-4b4f-99db-a6515c2423d9/data_intg_flow/Staging_copy_1652693085696_copy_1654955697488_copy_1655541272588_copy_1656410927308","description":"","usage":{"last_access_time":"2022-07-29T11:50:01.136Z","last_accessor_id":"IBMid-662003I49Q","access_count":0}},"entity":{"data_intg_flow":{"mime_type":"application/json","dataset":false}},"attachments":[{"test_doc":0,"object_key":"data_intg_flow/e1911c67-1c0a-4b4f-99db-a6515c2423d9de9c3168-6c0b-4135-8861-22a433b53edb","create_time":1658828416256,"complete_time_ticks":1658828416256,"mime":"application/json","usage":{"access_count":0,"last_accessor_id":"IBMid-662003I49Q","last_access_time":1658828416256},"is_remote":false,"handle":{"bucket":"tdwi-donotdelete-pr-gxtgx6eg2xqliw","max_part_num":1,"upload_id":"done","location":"eu-geo","key":"data_intg_flow/e1911c67-1c0a-4b4f-99db-a6515c2423d9de9c3168-6c0b-4135-8861-22a433b53edb"},"is_user_provided_path_key":true,"user_data":{},"version":2,"size":67055,"is_partitioned":false,"datasource_type":"193a97c1-4475-4a19-b90c-295c4fdc6517","transfer_complete":true,"asset_type":"data_intg_flow","name":"data_intg_flows","creator_id":"IBMid-662003I49Q","id":"93caa179-6716-42b6-a70e-3f553cdc037b","is_referenced":true,"is_managed":false,"is_object_key_read_only":false},{"test_doc":0,"object_key":"data_intg_flow/e1911c67-1c0a-4b4f-99db-a6515c2423d9de9c3168-6c0b-4135-8861-22a433b53edbpx_executables","create_time":1659095401135,"complete_time_ticks":1659095401135,"mime":"application/octet-stream","usage":{"access_count":0,"last_accessor_id":"IBMid-662003I49Q","last_access_time":1659095401135},"is_remote":false,"handle":{"bucket":"tdwi-donotdelete-pr-gxtgx6eg2xqliw","max_part_num":1,"upload_id":"done","location":"eu-geo","key":"data_intg_flow/e1911c67-1c0a-4b4f-99db-a6515c2423d9de9c3168-6c0b-4135-8861-22a433b53edbpx_executables"},"is_user_provided_path_key":true,"user_data":{},"version":2,"size":6028,"is_partitioned":false,"datasource_type":"193a97c1-4475-4a19-b90c-295c4fdc6517","transfer_complete":true,"asset_type":"data_intg_flow","name":"px_executables","creator_id":"IBMid-662003I49Q","id":"541f8d8f-d6bc-4390-b5c9-7fee240a08d8","is_referenced":true,"is_managed":false,"is_object_key_read_only":false}]}]
