[{"metadata":{"asset_id":"0f1320da-9240-4c0b-adf5-2e54d924e0a8","asset_type":"data_intg_flow","catalog_id":"071d9c10-80cb-406f-b677-87a779dc1895","create_time":"2022-06-13T15:18:18.000Z","creator_id":"IBMid-662003I49Q","name":"Mart_telefonat_copy_1655116031079_copy_1655133498701","origin_country":"us","size":66134,"project_id":"e1911c67-1c0a-4b4f-99db-a6515c2423d9","resource_key":"e1911c67-1c0a-4b4f-99db-a6515c2423d9/data_intg_flow/Mart_telefonat_copy_1655116031079_copy_1655133498701","description":"","usage":{"last_access_time":"2022-07-21T13:30:27.319Z","last_accessor_id":"IBMid-662003I49Q","access_count":0}},"entity":{"data_intg_flow":{"mime_type":"application/json","dataset":false}},"attachments":[{"test_doc":0,"object_key":"data_intg_flow/e1911c67-1c0a-4b4f-99db-a6515c2423d90f1320da-9240-4c0b-adf5-2e54d924e0a8","create_time":1658410223294,"complete_time_ticks":1658410223294,"mime":"application/json","usage":{"access_count":0,"last_accessor_id":"IBMid-662003I49Q","last_access_time":1658410223294},"is_remote":false,"handle":{"bucket":"tdwi-donotdelete-pr-gxtgx6eg2xqliw","max_part_num":1,"upload_id":"done","location":"eu-geo","key":"data_intg_flow/e1911c67-1c0a-4b4f-99db-a6515c2423d90f1320da-9240-4c0b-adf5-2e54d924e0a8"},"is_user_provided_path_key":true,"user_data":{},"version":2,"size":60546,"is_partitioned":false,"datasource_type":"193a97c1-4475-4a19-b90c-295c4fdc6517","transfer_complete":true,"asset_type":"data_intg_flow","name":"data_intg_flows","creator_id":"IBMid-662003I49Q","id":"3ac55f31-4054-4d15-b7d9-3d93d8f20ff5","is_referenced":true,"is_managed":false,"is_object_key_read_only":false},{"test_doc":0,"object_key":"data_intg_flow/e1911c67-1c0a-4b4f-99db-a6515c2423d90f1320da-9240-4c0b-adf5-2e54d924e0a8px_executables","create_time":1658410227317,"complete_time_ticks":1658410227317,"mime":"application/octet-stream","usage":{"access_count":0,"last_accessor_id":"IBMid-662003I49Q","last_access_time":1658410227317},"is_remote":false,"handle":{"bucket":"tdwi-donotdelete-pr-gxtgx6eg2xqliw","max_part_num":1,"upload_id":"done","location":"eu-geo","key":"data_intg_flow/e1911c67-1c0a-4b4f-99db-a6515c2423d90f1320da-9240-4c0b-adf5-2e54d924e0a8px_executables"},"is_user_provided_path_key":true,"user_data":{},"version":2,"size":5588,"is_partitioned":false,"datasource_type":"193a97c1-4475-4a19-b90c-295c4fdc6517","transfer_complete":true,"asset_type":"data_intg_flow","name":"px_executables","creator_id":"IBMid-662003I49Q","id":"5fb17519-c007-4dcc-837b-a980aa33c7d2","is_referenced":true,"is_managed":false,"is_object_key_read_only":false}]}]
