{"metadata":{"asset_id":"91fb373a-baf7-4097-a5aa-afbcf7b2ad77","asset_attributes":["data_asset"],"name":"Mappe1.xlsx","asset_type":"data_asset","created_at":"2022-06-09T15:10:30Z","origin_country":"us","owner_id":"IBMid-662003I49Q","project_id":"e1911c67-1c0a-4b4f-99db-a6515c2423d9","size":9616,"usage":{"last_update_time":1654787430240,"last_updated_at":"2022-06-09T15:10:30Z"}},"entity":{"data_asset":{"mime_type":"application/vnd.openxmlformats-officedocument.spreadsheetml.sheet","dataset":false}},"attachments":[{"id":"9e585dc6-7197-4239-a27a-ef51da50d1e2","version":2,"asset_type":"data_asset","name":"Mappe1.xlsx","mime":"application/vnd.openxmlformats-officedocument.spreadsheetml.sheet","datasource_type":"193a97c1-4475-4a19-b90c-295c4fdc6517","object_key":"Mappe1.xlsx","creator_id":"IBMid-662003I49Q","create_time":1654787430349,"size":9616,"is_remote":false,"is_managed":false,"is_referenced":true,"is_object_key_read_only":true,"is_user_provided_path_key":true,"transfer_complete":true,"is_partitioned":false,"complete_time_ticks":1654787430349,"user_data":{},"test_doc":0,"handle":{"bucket":"tdwi-donotdelete-pr-gxtgx6eg2xqliw","location":"eu-geo","key":"Mappe1.xlsx","upload_id":"done","max_part_num":1},"usage":{"access_count":0,"last_accessor_id":"IBMid-662003I49Q","last_access_time":1654787430349}}]}
