[{"metadata":{"asset_id":"62cf41e3-4861-4191-a4fd-71e18f3adc80","asset_type":"data_intg_flow","catalog_id":"071d9c10-80cb-406f-b677-87a779dc1895","create_time":"2022-06-14T16:01:47.000Z","creator_id":"IBMid-662003I49Q","name":"dss_copy_1655222507681","origin_country":"us","size":20651,"project_id":"e1911c67-1c0a-4b4f-99db-a6515c2423d9","resource_key":"e1911c67-1c0a-4b4f-99db-a6515c2423d9/data_intg_flow/dss_copy_1655222507681","description":"","usage":{"last_access_time":"2022-07-29T11:46:58.765Z","last_accessor_id":"IBMid-662003I49Q","access_count":0}},"entity":{"data_intg_flow":{"mime_type":"application/json","dataset":false}},"attachments":[{"test_doc":0,"object_key":"data_intg_flow/e1911c67-1c0a-4b4f-99db-a6515c2423d962cf41e3-4861-4191-a4fd-71e18f3adc80","create_time":1659095211900,"complete_time_ticks":1659095211900,"mime":"application/json","usage":{"access_count":0,"last_accessor_id":"IBMid-662003I49Q","last_access_time":1659095211900},"is_remote":false,"handle":{"bucket":"tdwi-donotdelete-pr-gxtgx6eg2xqliw","max_part_num":1,"upload_id":"done","location":"eu-geo","key":"data_intg_flow/e1911c67-1c0a-4b4f-99db-a6515c2423d962cf41e3-4861-4191-a4fd-71e18f3adc80"},"is_user_provided_path_key":true,"user_data":{},"version":2,"size":16919,"is_partitioned":false,"datasource_type":"193a97c1-4475-4a19-b90c-295c4fdc6517","transfer_complete":true,"asset_type":"data_intg_flow","name":"data_intg_flows","creator_id":"IBMid-662003I49Q","id":"79157cad-411a-465b-b83b-348b0ffb9632","is_referenced":true,"is_managed":false,"is_object_key_read_only":false},{"test_doc":0,"object_key":"data_intg_flow/e1911c67-1c0a-4b4f-99db-a6515c2423d962cf41e3-4861-4191-a4fd-71e18f3adc80px_executables","create_time":1659095218764,"complete_time_ticks":1659095218764,"mime":"application/octet-stream","usage":{"access_count":0,"last_accessor_id":"IBMid-662003I49Q","last_access_time":1659095218764},"is_remote":false,"handle":{"bucket":"tdwi-donotdelete-pr-gxtgx6eg2xqliw","max_part_num":1,"upload_id":"done","location":"eu-geo","key":"data_intg_flow/e1911c67-1c0a-4b4f-99db-a6515c2423d962cf41e3-4861-4191-a4fd-71e18f3adc80px_executables"},"is_user_provided_path_key":true,"user_data":{},"version":2,"size":3732,"is_partitioned":false,"datasource_type":"193a97c1-4475-4a19-b90c-295c4fdc6517","transfer_complete":true,"asset_type":"data_intg_flow","name":"px_executables","creator_id":"IBMid-662003I49Q","id":"9fd881a0-1f47-49f4-87c6-738b93ede896","is_referenced":true,"is_managed":false,"is_object_key_read_only":false}]}]
