[{"metadata":{"asset_id":"0bbde06d-cc8f-45ef-8b8d-4606417c7cd3","asset_type":"data_intg_flow","catalog_id":"071d9c10-80cb-406f-b677-87a779dc1895","create_time":"2022-06-28T10:45:18.000Z","creator_id":"IBMid-662003I49Q","name":"whtr_color_datasets_laden","origin_country":"us","size":14574,"project_id":"e1911c67-1c0a-4b4f-99db-a6515c2423d9","resource_key":"e1911c67-1c0a-4b4f-99db-a6515c2423d9/data_intg_flow/whtr_color_datasets_laden","description":"","usage":{"last_access_time":"2022-07-29T11:52:25.595Z","last_accessor_id":"IBMid-662003I49Q","access_count":0}},"entity":{"data_intg_flow":{"mime_type":"application/json","dataset":false}},"attachments":[{"test_doc":0,"object_key":"data_intg_flow/e1911c67-1c0a-4b4f-99db-a6515c2423d90bbde06d-cc8f-45ef-8b8d-4606417c7cd3","create_time":1656414060407,"complete_time_ticks":1656414060407,"mime":"application/json","usage":{"access_count":0,"last_accessor_id":"IBMid-662003I49Q","last_access_time":1656414060407},"is_remote":false,"handle":{"bucket":"tdwi-donotdelete-pr-gxtgx6eg2xqliw","max_part_num":1,"upload_id":"done","location":"eu-geo","key":"data_intg_flow/e1911c67-1c0a-4b4f-99db-a6515c2423d90bbde06d-cc8f-45ef-8b8d-4606417c7cd3"},"is_user_provided_path_key":true,"user_data":{},"version":2,"size":12566,"is_partitioned":false,"datasource_type":"193a97c1-4475-4a19-b90c-295c4fdc6517","transfer_complete":true,"asset_type":"data_intg_flow","name":"data_intg_flows","creator_id":"IBMid-662003I49Q","id":"5d2a38ce-f458-4639-a4ed-f413a8103032","is_referenced":true,"is_managed":false,"is_object_key_read_only":false},{"test_doc":0,"object_key":"data_intg_flow/e1911c67-1c0a-4b4f-99db-a6515c2423d90bbde06d-cc8f-45ef-8b8d-4606417c7cd3px_executables","create_time":1659095545594,"complete_time_ticks":1659095545594,"mime":"application/octet-stream","usage":{"access_count":0,"last_accessor_id":"IBMid-662003I49Q","last_access_time":1659095545594},"is_remote":false,"handle":{"bucket":"tdwi-donotdelete-pr-gxtgx6eg2xqliw","max_part_num":1,"upload_id":"done","location":"eu-geo","key":"data_intg_flow/e1911c67-1c0a-4b4f-99db-a6515c2423d90bbde06d-cc8f-45ef-8b8d-4606417c7cd3px_executables"},"is_user_provided_path_key":true,"user_data":{},"version":2,"size":2008,"is_partitioned":false,"datasource_type":"193a97c1-4475-4a19-b90c-295c4fdc6517","transfer_complete":true,"asset_type":"data_intg_flow","name":"px_executables","creator_id":"IBMid-662003I49Q","id":"b4737cbc-70ac-4ddb-bfca-b71c016a408b","is_referenced":true,"is_managed":false,"is_object_key_read_only":false}]}]
