[{"metadata":{"asset_id":"098c803d-4449-4b3a-a9b5-f13d0480d790","asset_type":"data_intg_flow","catalog_id":"071d9c10-80cb-406f-b677-87a779dc1895","create_time":"2022-07-07T18:30:57.000Z","creator_id":"IBMid-662003I49Q","name":"Mart_cnt_Besucher","origin_country":"us","size":6483,"project_id":"e1911c67-1c0a-4b4f-99db-a6515c2423d9","resource_key":"e1911c67-1c0a-4b4f-99db-a6515c2423d9/data_intg_flow/Mart_cnt_Besucher","description":"","usage":{"last_access_time":"2022-07-29T11:55:19.140Z","last_accessor_id":"IBMid-662003I49Q","access_count":0}},"entity":{"data_intg_flow":{"mime_type":"application/json","dataset":false}},"attachments":[{"test_doc":0,"object_key":"data_intg_flow/e1911c67-1c0a-4b4f-99db-a6515c2423d9098c803d-4449-4b3a-a9b5-f13d0480d790","create_time":1657219506638,"complete_time_ticks":1657219506638,"mime":"application/json","usage":{"access_count":0,"last_accessor_id":"IBMid-662003I49Q","last_access_time":1657219506638},"is_remote":false,"handle":{"bucket":"tdwi-donotdelete-pr-gxtgx6eg2xqliw","max_part_num":1,"upload_id":"done","location":"eu-geo","key":"data_intg_flow/e1911c67-1c0a-4b4f-99db-a6515c2423d9098c803d-4449-4b3a-a9b5-f13d0480d790"},"is_user_provided_path_key":true,"user_data":{},"version":2,"size":4595,"is_partitioned":false,"datasource_type":"193a97c1-4475-4a19-b90c-295c4fdc6517","transfer_complete":true,"asset_type":"data_intg_flow","name":"data_intg_flows","creator_id":"IBMid-662003I49Q","id":"3b96a076-fa01-4a12-af73-a5aabb37a33c","is_referenced":true,"is_managed":false,"is_object_key_read_only":false},{"test_doc":0,"object_key":"data_intg_flow/e1911c67-1c0a-4b4f-99db-a6515c2423d9098c803d-4449-4b3a-a9b5-f13d0480d790px_executables","create_time":1659095719138,"complete_time_ticks":1659095719138,"mime":"application/octet-stream","usage":{"access_count":0,"last_accessor_id":"IBMid-662003I49Q","last_access_time":1659095719138},"is_remote":false,"handle":{"bucket":"tdwi-donotdelete-pr-gxtgx6eg2xqliw","max_part_num":1,"upload_id":"done","location":"eu-geo","key":"data_intg_flow/e1911c67-1c0a-4b4f-99db-a6515c2423d9098c803d-4449-4b3a-a9b5-f13d0480d790px_executables"},"is_user_provided_path_key":true,"user_data":{},"version":2,"size":1888,"is_partitioned":false,"datasource_type":"193a97c1-4475-4a19-b90c-295c4fdc6517","transfer_complete":true,"asset_type":"data_intg_flow","name":"px_executables","creator_id":"IBMid-662003I49Q","id":"1905db71-685e-4923-a476-8fd58614bdb0","is_referenced":true,"is_managed":false,"is_object_key_read_only":false}]}]
