[{"metadata":{"asset_id":"0c976356-b19e-453c-a5e2-d6fe69a418eb","asset_type":"data_intg_flow","catalog_id":"071d9c10-80cb-406f-b677-87a779dc1895","create_time":"2022-06-28T12:40:45.000Z","creator_id":"IBMid-662003I49Q","name":"Mart_telefonat_copy_1655116031079_copy_1655133498701_copy_1656420045193","origin_country":"us","size":64960,"project_id":"e1911c67-1c0a-4b4f-99db-a6515c2423d9","resource_key":"e1911c67-1c0a-4b4f-99db-a6515c2423d9/data_intg_flow/Mart_telefonat_copy_1655116031079_copy_1655133498701_copy_1656420045193","description":"","usage":{"last_access_time":"2022-07-21T13:57:36.224Z","last_accessor_id":"IBMid-662003I49Q","access_count":0}},"entity":{"data_intg_flow":{"mime_type":"application/json","dataset":false}},"attachments":[{"test_doc":0,"object_key":"data_intg_flow/e1911c67-1c0a-4b4f-99db-a6515c2423d90c976356-b19e-453c-a5e2-d6fe69a418eb","create_time":1658411648179,"complete_time_ticks":1658411648179,"mime":"application/json","usage":{"access_count":0,"last_accessor_id":"IBMid-662003I49Q","last_access_time":1658411648179},"is_remote":false,"handle":{"bucket":"tdwi-donotdelete-pr-gxtgx6eg2xqliw","max_part_num":1,"upload_id":"done","location":"eu-geo","key":"data_intg_flow/e1911c67-1c0a-4b4f-99db-a6515c2423d90c976356-b19e-453c-a5e2-d6fe69a418eb"},"is_user_provided_path_key":true,"user_data":{},"version":2,"size":59358,"is_partitioned":false,"datasource_type":"193a97c1-4475-4a19-b90c-295c4fdc6517","transfer_complete":true,"asset_type":"data_intg_flow","name":"data_intg_flows","creator_id":"IBMid-662003I49Q","id":"671a9658-c751-44aa-b01a-cbba4ee69213","is_referenced":true,"is_managed":false,"is_object_key_read_only":false},{"test_doc":0,"object_key":"data_intg_flow/e1911c67-1c0a-4b4f-99db-a6515c2423d90c976356-b19e-453c-a5e2-d6fe69a418ebpx_executables","create_time":1658411856222,"complete_time_ticks":1658411856222,"mime":"application/octet-stream","usage":{"access_count":0,"last_accessor_id":"IBMid-662003I49Q","last_access_time":1658411856222},"is_remote":false,"handle":{"bucket":"tdwi-donotdelete-pr-gxtgx6eg2xqliw","max_part_num":1,"upload_id":"done","location":"eu-geo","key":"data_intg_flow/e1911c67-1c0a-4b4f-99db-a6515c2423d90c976356-b19e-453c-a5e2-d6fe69a418ebpx_executables"},"is_user_provided_path_key":true,"user_data":{},"version":2,"size":5602,"is_partitioned":false,"datasource_type":"193a97c1-4475-4a19-b90c-295c4fdc6517","transfer_complete":true,"asset_type":"data_intg_flow","name":"px_executables","creator_id":"IBMid-662003I49Q","id":"68b51878-5b94-40d2-bdc0-486b67f7a938","is_referenced":true,"is_managed":false,"is_object_key_read_only":false}]}]
