{"metadata":{"asset_id":"4f0259bb-376f-4b0c-950d-6058119bb286","asset_attributes":["job"],"name":"Staging.DataStage job","asset_type":"job","created_at":"2022-06-14T16:07:35Z","origin_country":"us","owner_id":"IBMid-662003I49Q","project_id":"e1911c67-1c0a-4b4f-99db-a6515c2423d9","size":0,"usage":{"last_update_time":1659095213067,"last_updated_at":"2022-07-29T11:46:53Z"}},"entity":{"job":{"asset_ref_type":"data_intg_flow","configuration":{"flow_limits":{"warn_limit":100},"job_parameters":["Offset="],"env_id":"default_datastage_px-e1911c67-1c0a-4b4f-99db-a6515c2423d9"},"last_run_initiator":"None","last_run_time":"","last_run_status":"None","last_run_status_timestamp":0,"future_scheduled_runs":[],"enable_notifications":true,"project_name":"TDWI","asset_ref":"62cf41e3-4861-4191-a4fd-71e18f3adc80","schedule_id":"","schedule_creator_id":"IBMid-662003I49Q"}}}
