{"metadata":{"asset_id":"a59f579c-fd45-4a6e-8772-ee30e37aa843","asset_attributes":["job"],"name":"Mart_whtr_color_class.DataStage job","asset_type":"job","created_at":"2022-06-28T10:29:25Z","origin_country":"us","owner_id":"IBMid-662003I49Q","project_id":"e1911c67-1c0a-4b4f-99db-a6515c2423d9","size":0,"usage":{"last_update_time":1659095380341,"last_updated_at":"2022-07-29T11:49:40Z"}},"entity":{"job":{"asset_ref_type":"data_intg_flow","configuration":{"flow_limits":{"warn_limit":100},"job_parameters":["Filename=whtr_temp.txt","Filename2=color_temp.txt"],"env_id":"default_datastage_px-e1911c67-1c0a-4b4f-99db-a6515c2423d9"},"last_run_initiator":"None","last_run_time":"","last_run_status":"None","last_run_status_timestamp":0,"future_scheduled_runs":[],"enable_notifications":true,"project_name":"TDWI","asset_ref":"de9c3168-6c0b-4135-8861-22a433b53edb","schedule_id":"","schedule_creator_id":"IBMid-662003I49Q","data_assets_array":[]}}}
