{"metadata":{"asset_id":"a21b232a-d9d0-4f5c-a5fe-6c5ce3bbd9c4","asset_attributes":["job"],"name":"whtr_color_datasets_laden.DataStage job","asset_type":"job","created_at":"2022-06-28T10:47:38Z","origin_country":"us","owner_id":"IBMid-662003I49Q","project_id":"e1911c67-1c0a-4b4f-99db-a6515c2423d9","size":0,"usage":{"last_update_time":1658417787704,"last_updated_at":"2022-07-21T15:36:27Z"}},"entity":{"job":{"asset_ref_type":"data_intg_flow","configuration":{"flow_limits":{"warn_limit":100},"job_parameters":["Filename=whtr_temp.txt","Filename2=color_temp.txt"],"env_id":"default_datastage_px-e1911c67-1c0a-4b4f-99db-a6515c2423d9"},"last_run_initiator":"None","last_run_time":"","last_run_status":"None","last_run_status_timestamp":0,"future_scheduled_runs":[],"enable_notifications":true,"project_name":"TDWI","asset_ref":"0bbde06d-cc8f-45ef-8b8d-4606417c7cd3","schedule_id":"","schedule_creator_id":"IBMid-662003I49Q"}}}
