{"metadata":{"asset_id":"a3bb8099-7faf-48a3-aaad-9dc843e9cd2c","asset_attributes":["job"],"name":"Mart_kaffeetrinker.DataStage job","asset_type":"job","created_at":"2022-06-14T09:43:53Z","origin_country":"us","owner_id":"IBMid-662003I49Q","project_id":"e1911c67-1c0a-4b4f-99db-a6515c2423d9","size":0,"usage":{"last_update_time":1658417748609,"last_updated_at":"2022-07-21T15:35:48Z"}},"entity":{"job":{"asset_ref_type":"data_intg_flow","configuration":{"flow_limits":{"warn_limit":100},"job_parameters":[],"env_id":"default_datastage_px-e1911c67-1c0a-4b4f-99db-a6515c2423d9"},"last_run_initiator":"None","last_run_time":"","last_run_status":"None","last_run_status_timestamp":0,"future_scheduled_runs":[],"enable_notifications":true,"project_name":"TDWI","asset_ref":"0f1320da-9240-4c0b-adf5-2e54d924e0a8","schedule_id":"","schedule_creator_id":"IBMid-662003I49Q"}}}
