{"metadata":{"asset_id":"9efd703f-b0de-438e-8bcc-820b9ab79a56","asset_attributes":["job"],"name":"Mart_cnt_handys.DataStage job","asset_type":"job","created_at":"2022-06-28T12:56:15Z","origin_country":"us","owner_id":"IBMid-662003I49Q","project_id":"e1911c67-1c0a-4b4f-99db-a6515c2423d9","size":0,"usage":{"last_update_time":1658417689078,"last_updated_at":"2022-07-21T15:34:49Z"}},"entity":{"job":{"asset_ref_type":"data_intg_flow","configuration":{"flow_limits":{"warn_limit":100},"job_parameters":[],"env_id":"default_datastage_px-e1911c67-1c0a-4b4f-99db-a6515c2423d9"},"last_run_initiator":"None","last_run_time":"","last_run_status":"None","last_run_status_timestamp":0,"future_scheduled_runs":[],"enable_notifications":true,"project_name":"TDWI","asset_ref":"0c976356-b19e-453c-a5e2-d6fe69a418eb","schedule_id":"","schedule_creator_id":"IBMid-662003I49Q"}}}
