{"metadata":{"asset_id":"e9c74493-2dd8-4457-8f9d-832b78ddd31d","asset_attributes":["job"],"name":"Mart_cnt_Besucher.DataStage job","asset_type":"job","created_at":"2022-07-07T18:39:42Z","origin_country":"us","owner_id":"IBMid-662003I49Q","project_id":"e1911c67-1c0a-4b4f-99db-a6515c2423d9","size":0,"usage":{"last_update_time":1658417664436,"last_updated_at":"2022-07-21T15:34:24Z"}},"entity":{"job":{"asset_ref_type":"data_intg_flow","configuration":{"flow_limits":{"warn_limit":100},"job_parameters":[],"env_id":"default_datastage_px-e1911c67-1c0a-4b4f-99db-a6515c2423d9"},"last_run_initiator":"None","last_run_time":"","last_run_status":"None","last_run_status_timestamp":0,"future_scheduled_runs":[],"enable_notifications":true,"project_name":"TDWI","asset_ref":"098c803d-4449-4b3a-a9b5-f13d0480d790","schedule_id":"","schedule_creator_id":"IBMid-662003I49Q"}}}
